ProdId,SaledQte,PurchasedQte,diff
100,1.026315,1.538461,0.512146
102,1.0,1.0,0.0
106,1.0,1.25,0.25
113,1.108247,1.956521,0.848274
115,1.0,1.0,0.0
118,1.123711,12.266666,11.142955
120,2.786885,13.076923,10.290038000000001
121,1.0,1.258064,0.25806400000000007
134,1.042553,2.235955,1.193402
136,1.009803,1.486111,0.47630799999999995
140,1.056603,1.16,0.10339699999999996
143,1.0,1.1,0.10000000000000009
145,1.311111,2.172413,0.8613020000000002
146,2.290909,5.434782,3.143873
147,1.222222,1.555555,0.3333330000000001
148,1.084615,1.427184,0.3425689999999999
152,1.027397,1.612244,0.5848470000000001
159,1.164179,4.416666,3.2524870000000004
160,1.324324,4.363636,3.039312
165,2.139784,30.333333,28.193549
166,6.662393,48.615384,41.952991
169,1.009756,5.035294,4.025538
170,1.02,1.981481,0.961481
171,1.047976,13.865384,12.817408
172,1.174291,3.272189,2.097898
173,1.018867,3.4125,2.3936330000000003
181,1.2,1.4,0.19999999999999996
187,1.0,1.4,0.3999999999999999
201,1.010638,1.555555,0.5449170000000001
205,1.203488,7.0,5.796512
212,1.307531,5.6875,4.379969
213,1.310344,4.8,3.489656
214,1.163043,4.0,2.836957
215,1.324873,4.089552,2.764679
218,1.029411,1.541666,0.5122549999999999
220,1.142857,1.6,0.4571430000000001
221,1.013888,1.755555,0.7416670000000001
223,1.0475,3.857142,2.809642
229,1.14,1.888888,0.748888
231,1.071197,3.281553,2.210356
232,1.062059,5.195945,4.133886
233,1.019379,2.67,1.650621
234,1.171875,3.604651,2.432776
235,1.047619,1.658536,0.6109169999999999
237,1.163793,2.042253,0.87846
238,1.0,1.086956,0.08695600000000003
239,1.0,1.068965,0.06896499999999994
240,1.123376,2.671641,1.5482650000000002
250,1.0,1.466666,0.466666
253,1.063157,1.337837,0.27468000000000004
254,1.385714,5.131578,3.745864
255,1.025974,1.964285,0.9383110000000001
258,1.068435,8.05102,6.982584999999999
259,1.069958,4.03125,2.9612920000000003
260,1.10571,5.915032,4.809322
262,1.233576,3.018181,1.7846049999999998
263,2.010446,23.48,21.469554000000002
264,1.038461,1.217391,0.1789299999999998
265,1.095652,1.780821,0.6851689999999999
266,1.102051,8.407114,7.3050630000000005
267,1.045838,6.582089,5.536251
271,1.454434,16.849315,15.394881000000002
272,1.90909,3.833333,1.9242430000000001
273,1.619047,5.727272,4.108225
274,7.387096,23.809523,16.422427
275,1.903488,76.831578,74.92809
277,1.297619,2.627906,1.3302869999999998
278,1.42,2.703703,1.283703
279,1.179487,2.959183,1.779696
280,1.38304,5.085106,3.7020659999999994
281,1.297297,2.4,1.102703
283,3.453757,39.411764,35.958006999999995
288,1.824281,16.944444,15.120163000000002
300,1.0,1.0,0.0
302,1.066666,1.0625,-0.004165999999999892
305,1.013201,5.008,3.994799
306,1.172413,3.223684,2.051271
308,1.106365,12.137931,11.031566
309,1.033018,6.472222,5.439204
310,1.071942,7.973544,6.9016020000000005
312,1.234957,5.219512,3.984555
317,1.0,1.0,0.0
319,2.245737,19.99115,17.745413
320,2.4375,4.625,2.1875
321,3.540446,60.935064,57.394617999999994
323,1.0,1.137254,0.137254
326,1.25,2.0,0.75
333,1.013513,1.5,0.4864869999999999
334,1.065416,13.838383,12.772967000000001
344,1.0,1.75,0.75
345,1.075,1.324324,0.2493240000000001
346,1.0375,1.761904,0.7244039999999998
347,1.0,1.145454,0.14545399999999997
348,1.041095,1.179104,0.13800899999999983
349,1.029126,1.651515,0.6223890000000001
353,1.831632,23.3125,21.480868
358,1.0,2.625,1.625
359,1.0,2.333333,1.333333
361,1.033898,3.285714,2.251816
362,1.065648,4.695364,3.6297159999999997
363,1.04065,5.192307,4.151656999999999
364,1.075697,2.762376,1.6866790000000003
365,1.063122,3.056074,1.9929520000000003
366,1.027355,3.346153,2.318798
367,1.10101,1.333333,0.23232300000000006
387,1.0,1.0,0.0
403,1.15942,1.425925,0.2665050000000002
404,1.047794,3.76923,2.7214359999999997
405,1.0,1.0,0.0
410,2.0,3.0,1.0
417,1.0,3.0,2.0
419,1.0,3.0,2.0
420,1.155844,3.930555,2.774711
421,1.047619,1.5,0.4523809999999999
422,1.215082,40.4,39.184917999999996
424,1.087136,3.011494,1.9243579999999998
425,4.791666,34.0,29.208334
426,1.105263,2.965517,1.860254
428,1.0,1.060606,0.06060599999999994
432,1.052631,1.571428,0.518797
434,1.024691,1.693877,0.6691860000000001
436,1.066666,1.743589,0.6769230000000002
437,1.041509,4.323076,3.2815670000000003
438,1.0,1.090909,0.0909089999999999
440,1.969072,10.526315,8.557243
441,1.128205,1.84,0.7117950000000002
442,1.0,1.25,0.25
443,1.071428,1.153846,0.08241799999999988
445,1.060606,1.151515,0.09090900000000013
446,1.25,3.0,1.75
447,1.179104,2.485714,1.3066100000000003
448,1.307692,3.0,1.692308
449,1.0,7.5,6.5
450,1.0,1.821428,0.821428
452,1.0,1.53125,0.53125
454,1.0,1.666666,0.666666
455,1.096774,2.90625,1.809476
456,1.05,1.052631,0.00263100000000005
457,1.17647,3.52,2.3435300000000003
459,1.224074,7.505494,6.28142
460,1.341463,7.095238,5.753775
461,2.8,4.75,1.9500000000000002
464,1.3,3.059322,1.7593219999999998
465,1.222222,6.712643,5.4904209999999996
466,1.046052,2.1375,1.0914480000000002
469,1.0,1.055555,0.05555500000000002
470,1.021897,1.704545,0.6826479999999999
471,1.123015,3.08421,1.961195
472,1.208955,3.346153,2.137198
473,1.068848,5.293478,4.22463
474,1.072463,3.731707,2.659244
475,1.046511,3.3,2.253489
476,1.045138,3.111111,2.0659730000000005
477,1.0,1.25,0.25
478,1.0,1.0,0.0
493,1.0,1.294117,0.29411699999999996
500,1.0,1.0,0.0
522,1.640326,11.283018,9.642692
523,1.688841,19.888888,18.200047
524,1.474308,10.971428,9.497119999999999
529,1.110671,7.175,6.064329
537,1.077922,1.272727,0.1948049999999999
538,1.083333,2.0,0.9166669999999999
539,1.033509,7.5,6.4664909999999995
544,1.083333,3.054794,1.9714609999999997
545,1.15909,3.597938,2.438848
546,1.086956,3.137254,2.0502979999999997
547,1.104166,4.698924,3.5947579999999997
549,1.285714,2.222222,0.9365079999999999
550,1.119402,1.777777,0.6583749999999999
553,1.25,1.857142,0.6071420000000001
581,1.18421,2.51282,1.32861
583,1.302158,3.529411,2.227253
590,1.0,1.142857,0.142857
599,1.354838,4.227272,2.872434
602,2.555555,8.461538,5.905982999999999
604,1.088452,5.273809,4.185357
605,1.042056,2.547368,1.505312
609,1.092105,1.298507,0.20640199999999997
610,4.966666,30.188679,25.222013
612,2.665432,11.373056,8.707624
615,1.012195,1.561403,0.5492080000000001
616,1.0,1.170731,0.17073099999999997
620,1.18617,2.22826,1.0420900000000002
621,1.157205,3.1,1.942795
625,1.025974,3.30693,2.2809559999999998
626,1.0,1.357142,0.35714200000000007
627,1.0,1.0,0.0
630,1.053313,5.7,4.646687
632,1.041884,2.859154,1.8172700000000002
633,2.875,13.571428,10.696428
635,1.016759,2.193181,1.176422
636,1.0,1.21875,0.21875
642,1.525423,3.464285,1.9388619999999999
643,1.15,1.452631,0.3026310000000001
644,1.048076,1.549295,0.5012190000000001
645,1.080508,2.5,1.419492
647,1.015772,4.616438,3.6006659999999995
648,1.120879,1.590909,0.47002999999999995
735,1.047619,1.181818,0.13419899999999996
738,1.0,1.0,0.0
747,1.0,1.333333,0.3333330000000001
753,1.0,1.65,0.6499999999999999
754,1.0,1.0,0.0
771,1.0,1.090909,0.0909089999999999
778,1.0,1.166666,0.16666599999999998
785,1.0,1.0,0.0
786,1.085753,5.605633,4.519880000000001
787,1.095238,3.472727,2.3774889999999997
788,1.119891,5.1875,4.067609
789,1.053793,6.471074,5.417281
790,1.043062,2.237623,1.1945610000000002
792,1.0,1.129032,0.12903200000000004
793,1.088888,3.35,2.261112
794,1.157407,3.325,2.167593
795,1.065934,1.724137,0.6582030000000001
796,1.04301,1.434782,0.391772
798,1.070312,2.869565,1.7992530000000002
799,1.010101,2.885714,1.8756130000000002
811,2.7,10.666666,7.966665999999999
812,1.043859,2.863636,1.819777
813,1.053398,2.06422,1.010822
814,1.059459,2.131868,1.072409
816,1.0,1.490384,0.49038399999999993
817,1.13669,3.134615,1.9979250000000002
826,1.0106,11.918367,10.907767
828,1.0401,3.231343,2.191243
830,1.095238,2.0,0.9047620000000001
833,1.0,1.272727,0.27272699999999994
842,1.069444,3.0,1.930556
843,1.210937,3.17647,1.9655330000000002
846,1.12844,2.931818,1.8033779999999997
853,1.241496,7.7,6.4585040000000005
854,1.377398,10.092307,8.714909
856,1.181415,7.833333,6.651917999999999
866,1.142857,1.111111,-0.03174600000000005
868,1.0,1.894736,0.894736
869,1.096,2.87037,1.7743699999999998
871,1.018181,2.0,0.981819
876,1.0,1.826086,0.8260860000000001
887,1.0,1.058823,0.05882300000000007
888,1.111876,9.034013,7.922136999999999
899,1.008547,3.666666,2.658119
900,1.0,1.75,0.75
918,1.06,1.209302,0.14930200000000005
923,1.0,1.0,0.0
925,1.044943,1.220779,0.1758360000000001
929,1.160407,30.020408,28.860001
931,1.074534,3.103448,2.0289140000000003
993,3.0,10.0,7.0
995,1.021691,3.639097,2.617406
996,1.327944,9.177419,7.849475
997,1.026755,2.613445,1.58669
1004,1.022471,1.949494,0.9270230000000002
1007,1.284848,15.224806,13.939957999999999
1027,1.241935,2.453125,1.21119
1029,2.416058,15.0,12.583942
1032,2.0,9.75,7.75
1033,1.0625,1.56,0.49750000000000005
1034,1.058823,1.193548,0.13472499999999998
1035,1.604166,2.333333,0.7291670000000001
1037,2.013192,13.02521,11.012018
1039,1.082802,2.308641,1.2258390000000001
1043,1.008928,1.597222,0.5882939999999999
1044,1.195652,7.931818,6.736166
1045,1.0,1.146341,0.14634100000000005
1046,1.086956,4.225806,3.1388500000000006
1048,1.035087,1.395348,0.36026099999999994
1049,1.060606,1.60606,0.5454540000000001
1050,1.0,1.0,0.0
1051,2.798507,27.214285,24.415778
1052,1.189189,11.583333,10.394143999999999
1055,2.583333,12.5,9.916667
1056,1.384615,3.2,1.8153850000000002
1057,2.216216,9.25,7.033784
1058,1.0,2.8,1.7999999999999998
1059,1.268595,5.574074,4.305479
1060,1.068292,3.362318,2.294026
1061,1.041095,2.638888,1.597793
1062,1.158415,1.820895,0.66248
1063,1.12987,1.852631,0.722761
1064,1.0,1.045454,0.045454000000000105
1067,1.3297783763171098,1.0,-0.3297783763171098
1068,1.032258,1.09375,0.0614920000000001
1077,1.173913,2.877049,1.703136
1080,1.294736,7.56923,6.274494
1082,4.511131,55.666666,51.155535
1094,1.142857,1.380952,0.23809499999999995
1096,1.04816,17.258064,16.209904
1097,1.025568,5.041666,4.016098
1104,1.022727,1.289473,0.26674600000000015
1108,1.198347,3.923076,2.724729
1110,1.007633,1.123966,0.11633300000000002
1111,1.0,1.363636,0.36363600000000007
1115,1.333333,2.37931,1.0459769999999997
1116,1.412332,27.605633,26.193301
1119,1.18552,7.063636,5.878116
1121,1.039156,3.784946,2.7457900000000004
1122,1.0,1.0,0.0
1123,1.0,2.0,1.0
1129,1.908256,6.617647,4.709391
1134,1.079772,5.728571,4.6487989999999995
1139,2.425925,22.454545,20.02862
1141,1.4,1.833333,0.4333330000000002
1147,1.0,1.26415,0.2641500000000001
1148,1.025641,1.615384,0.5897429999999999
1150,1.090909,1.083333,-0.007575999999999805
1156,1.403314,14.157894,12.75458
1158,1.056537,3.344444,2.287907
1160,1.269911,2.94,1.670089
1162,1.275862,2.466666,1.190804
1166,3.682926,11.384615,7.701689
1168,1.138888,2.73913,1.600242
1170,2.477611,15.454545,12.976934
1171,1.083333,3.983606,2.900273
1172,1.111405,4.166666,3.0552610000000002
1174,1.032967,3.507246,2.474279
1175,1.0,3.08,2.08
1177,1.116385,10.189189,9.072804000000001
1185,1.362637,4.402298,3.0396609999999997
1186,1.116564,2.186046,1.0694820000000003
1187,1.073469,2.717171,1.643702
1188,1.070312,1.881578,0.811266
1190,1.246753,2.714285,1.4675319999999998
1191,1.0,2.0,1.0
1192,1.085714,3.382978,2.297264
1193,1.204301,3.342857,2.138556
1195,1.444444,1.444444,0.0
1196,1.698412,1.881355,0.18294300000000008
1197,2.116666,10.857142,8.740476
1199,1.117647,1.964285,0.846638
1200,1.09375,1.151515,0.057765000000000066
1205,1.134408,2.10891,0.9745019999999998
1206,1.053412,3.25,2.196588
1210,1.05037,3.908108,2.857738
1211,1.020408,3.780487,2.760079
1217,1.0,1.130434,0.13043399999999994
1244,1.5,1.0,-0.5
1246,1.43421,51.923076,50.488866
1259,1.132295,3.322222,2.189927
1260,1.185714,5.28125,4.095536
1262,1.487964,8.532467,7.044503000000001
1275,1.0,1.0,0.0
1277,1.216666,2.5,1.283334
1281,1.030303,1.73913,0.7088270000000001
1282,3.875,11.428571,7.553571
1283,3.425,10.76923,7.3442300000000005
1284,1.0,1.612903,0.612903
1286,1.051546,1.5,0.4484539999999999
1297,1.0,1.032258,0.0322579999999999
1298,1.037037,1.638888,0.6018509999999999
1300,1.1,1.393939,0.29393899999999995
1301,1.0625,1.222222,0.15972199999999992
1317,1.916666,2.0,0.08333400000000002
1321,1.0,5.0,4.0
1322,2.193548,13.0,10.806452
1327,1.072,8.611111,7.539110999999999
1341,1.014814,1.835443,0.8206289999999998
1342,1.0,1.0,0.0
1344,1.049723,2.329411,1.279688
1345,1.090395,2.01,0.9196049999999998
1346,1.091428,4.333333,3.2419049999999996
1347,1.0,1.142857,0.142857
1359,1.0,2.666666,1.6666660000000002
1360,1.188679,1.477272,0.2885929999999999
1361,1.076923,1.523076,0.446153
1362,1.043478,1.130434,0.08695600000000003
1364,3.063829,10.0,6.936171
1368,2.826923,10.666666,7.8397429999999995
1369,1.0,1.246153,0.24615300000000007
1370,1.042622,3.894117,2.851495
1371,1.0,1.0,0.0
1373,1.055045,1.720588,0.665543
1374,1.061538,1.875,0.8134619999999999
1377,1.0,1.421052,0.421052
1378,1.037974,1.231884,0.19391000000000003
1380,1.057553,1.733333,0.67578
1381,1.274509,3.826923,2.5524139999999997
1383,1.285714,1.774193,0.4884789999999999
1384,1.0,1.102941,0.10294099999999995
1385,1.089285,1.352941,0.2636559999999999
1389,1.0,1.415094,0.4150940000000001
1390,1.125954,4.323943,3.1979889999999997
1391,3.212169,30.156716,26.944547
1392,1.087878,3.623762,2.5358840000000002
1396,1.019607,1.816666,0.797059
1399,1.140495,1.878378,0.7378830000000001
1400,1.451612,2.4,0.948388
1415,1.038961,1.2,0.16103899999999993
1424,1.016129,2.193548,1.1774189999999998
1426,1.0,1.259259,0.2592589999999999
1428,1.474576,2.275,0.8004239999999998
1429,1.050279,2.558441,1.5081620000000002
1430,1.038461,3.25,2.211539
1431,1.07619,2.468085,1.3918949999999999
1434,1.0,1.04,0.040000000000000036
1437,1.168776,3.54878,2.3800039999999996
1438,1.151515,1.25,0.09848499999999993
1439,1.0,1.2,0.19999999999999996
1441,1.025316,1.135135,0.10981900000000011
1442,1.0,1.125,0.125
1445,1.027777,1.083333,0.05555600000000016
1447,1.254901,2.528301,1.2733999999999999
1449,1.378151,4.882352,3.504201
1450,1.142857,2.277777,1.13492
1451,1.090425,2.234042,1.143617
1452,1.077586,1.924242,0.8466560000000001
1454,1.013605,2.903846,1.890241
1455,1.144796,2.372727,1.2279309999999999
1457,7.301923,159.027777,151.725854
1458,1.032467,11.305555,10.273088
1460,1.038054,5.761363,4.723309
1461,1.154362,3.066666,1.912304
1463,1.141112,4.765363,3.624251
1464,1.02439,1.222222,0.197832
1468,1.055555,2.594202,1.538647
1469,1.137681,2.821428,1.683747
1470,1.075921,4.327586,3.251665
1472,1.651612,10.408163,8.756551
1473,2.0,4.0,2.0
1476,1.058333,1.417582,0.35924899999999993
1478,1.052631,1.27027,0.21763899999999992
1481,3.065789,14.818181,11.752391999999999
1486,1.694602,14.814814,13.120212
1490,1.281021,13.75,12.468979000000001
1493,1.796116,5.162162,3.3660460000000003
1494,1.043478,3.375,2.331522
1495,1.013215,3.61194,2.598725
1496,1.0,1.655737,0.655737
1499,1.028248,2.506666,1.478418
1506,1.522123,2.465753,0.94363
1509,1.03012,5.057142,4.027022
1512,1.206896,2.0,0.793104
1513,1.137055,2.101851,0.964796
1515,1.07317,2.252427,1.179257
1517,1.112426,1.81132,0.6988940000000001
1519,1.0,1.0,0.0
1520,1.03409,1.378787,0.34469700000000003
1522,1.021739,2.0,0.978261
1527,1.481481,8.5,7.0185189999999995
1557,1.166666,1.333333,0.16666700000000012
1558,1.074646,50.0,48.925354
1559,1.116713,45.216374,44.099661000000005
1562,1.344444,2.891304,1.54686
1563,3.529411,20.727272,17.197861
1564,1.02574,11.347222,10.321482
1565,3.323333,14.558823,11.23549
1566,1.05,5.682926,4.632926
1567,3.591304,15.642857,12.051552999999998
1568,1.038674,15.128205,14.089531
1569,3.427509,17.75,14.322491
1571,1.05368,9.513513,8.459833
1573,1.042857,7.528089,6.485232
1574,3.31884,16.551724,13.232884
1575,1.092187,13.657142,12.564955000000001
1577,1.023041,8.882352,7.859310999999999
1578,3.48387,14.583333,11.099463
1581,1.095487,9.257812,8.162325
1582,1.068779,11.144736,10.075957
1583,3.854679,19.807228,15.952548999999998
1593,1.083333,2.0,0.9166669999999999
1594,1.04918,3.529411,2.480231
1596,1.074141,4.201388,3.1272469999999997
1597,1.070175,1.475,0.404825
1604,1.297619,2.446808,1.1491889999999998
1614,1.038834,1.321428,0.282594
1622,1.0,1.0,0.0
1624,1.006329,1.729166,0.722837
1625,5.353086,34.6875,29.334414
1626,1.015267,1.20909,0.19382300000000008
1627,1.164864,2.966216,1.8013520000000003
1629,1.085271,3.428571,2.3432999999999997
1630,1.052816,3.517441,2.464625
1633,1.4,10.0,8.6
1635,1.029739,1.479166,0.449427
1638,1.059701,1.396226,0.33652499999999996
1642,5.955078,101.741935,95.786857
1646,1.076502,2.266666,1.1901639999999998
1677,1.0,1.05,0.050000000000000044
1680,1.047619,4.142857,3.095238
1681,1.069022,23.321739,22.252717
1684,1.189005,24.99,23.800994999999997
1685,1.130136,9.352941,8.222805
1686,1.193347,4.413533,3.220186
1687,1.019607,2.458333,1.4387260000000002
1690,1.079365,2.225806,1.146441
1691,1.076923,2.961538,1.884615
1694,1.08704,9.047619,7.960578999999999
1695,1.077067,4.660714,3.5836469999999996
1696,1.092105,1.954545,0.8624399999999999
1706,1.270718,5.363636,4.092917999999999
1720,1.02459,1.6125,0.5879100000000002
1721,1.016042,3.790849,2.774807
1725,1.040462,1.908163,0.8677010000000001
1726,1.193277,3.40909,2.215813
1727,1.081081,1.311475,0.230394
1730,1.2,1.166666,-0.033333999999999975
1731,1.116666,4.35,3.2333339999999997
1734,1.014705,1.878048,0.863343
1736,1.028925,2.931818,1.9028929999999997
1737,2.299418,17.555555,15.256136999999999
1741,1.571428,2.25,0.678572
1742,1.125,4.5,3.375
1743,1.090243,3.806722,2.716479
1746,1.083333,3.542168,2.458835
1747,10.007142,29.104166,19.097023999999998
1748,1.08421,2.488372,1.4041620000000001
1751,1.0,1.0,0.0
1753,1.641379,10.47619,8.834811
1758,1.064356,3.508474,2.444118
1759,1.094117,3.5,2.405883
1760,1.142857,2.6,1.457143
1762,1.044673,4.089743,3.0450700000000004
1763,1.118518,3.413043,2.294525
1764,1.042813,3.113043,2.0702299999999996
1765,1.098039,3.870967,2.772928
1780,1.008695,1.372093,0.3633980000000001
1791,1.027027,1.078947,0.05192000000000019
1792,1.02439,1.52459,0.5002
1794,1.0,1.089552,0.08955200000000008
1795,1.0,1.081081,0.08108099999999996
1796,1.0,1.0,0.0
1798,1.006329,1.965116,0.9587870000000001
1799,1.057692,3.2,2.142308
1802,1.098039,1.696969,0.59893
1834,1.2,1.333333,0.13333300000000015
1835,1.25,1.444444,0.19444400000000006
1837,1.84593,51.552631,49.706700999999995
1838,1.022624,3.425373,2.402749
1839,1.104651,1.587301,0.48265
1840,1.104693,7.59375,6.489057
1842,1.375,1.3,-0.07499999999999996
1843,1.3297783763171098,1.0,-0.3297783763171098
1846,1.625,1.333333,-0.2916669999999999
1847,2.214765,11.0,8.785235
1848,1.037383,1.619718,0.582335
1849,1.189274,3.38938,2.200106
1854,1.4,2.038461,0.638461
1855,1.149466,3.954022,2.804556
1856,1.0,1.2,0.19999999999999996
1857,1.023255,1.666666,0.643411
1858,1.051724,1.148148,0.09642399999999984
1859,1.081081,1.37037,0.28928900000000013
1862,1.213539,34.253086,33.039547000000006
1868,1.120503,7.235294,6.114790999999999
1880,1.111111,2.037037,0.9259260000000002
1881,1.10909,1.658536,0.5494460000000001
1882,1.036144,2.432432,1.396288
1886,1.114406,7.315789,6.201383
1887,1.128205,2.195121,1.066916
1888,1.111764,9.427586,8.315822
1889,1.023952,2.320512,1.29656
1943,1.104395,2.22826,1.1238650000000001
1948,1.0,1.08,0.08000000000000007
1949,1.071428,1.55,0.478572
1950,1.037037,2.15,1.112963
1952,1.064161,5.046808,3.9826470000000005
1954,2.564814,11.2,8.635186
1955,1.217603,6.072289,4.854685999999999
1956,1.225352,4.17647,2.951118
1958,1.15196,2.823529,1.671569
1960,1.1,1.4,0.2999999999999998
1962,1.0,1.208333,0.2083330000000001
1964,1.0,1.15625,0.15625
1965,1.541666,2.655172,1.1135059999999999
1966,1.102272,2.970149,1.8678770000000002
1967,1.186046,1.317073,0.131027
1968,1.537634,4.025641,2.4880070000000005
1970,1.3297783763171098,1.0,-0.3297783763171098
1971,1.068181,2.641304,1.5731229999999998
1974,7.56,25.5,17.94
1975,1.029197,1.366972,0.33777500000000016
1976,1.166666,2.671875,1.505209
1978,1.0,1.151515,0.15151500000000007
1992,1.0,1.083333,0.0833330000000001
1994,1.220994,4.207547,2.986553
1995,1.096385,1.453125,0.35674000000000006
1996,2.75,10.869565,8.119565
1999,1.875,6.0,4.125
2001,1.037037,1.5,0.462963
2004,1.0,2.133333,1.133333
2007,1.078947,1.787234,0.7082869999999999
2008,4.345622,23.380952,19.035330000000002
2013,1.0,1.0,0.0
2023,1.053619,4.225806,3.172187
2025,1.313364,11.12,9.806636
2032,1.416666,2.923076,1.50641
2033,1.214285,2.0,0.7857149999999999
2034,1.0,1.75,0.75
2035,1.285714,1.8,0.514286
2036,1.043478,2.090909,1.047431
2037,1.125,2.0,0.875
2039,1.237373,11.636363,10.39899
2041,1.3297783763171098,1.0,-0.3297783763171098
2044,2.488479,11.659574,9.171095
2047,2.1,7.7,5.6
2059,1.9472,20.666666,18.719466
2065,1.04054,1.688172,0.647632
2066,1.146551,2.293103,1.1465519999999998
2067,1.03125,1.954545,0.923295
2068,1.168831,2.045454,0.8766229999999999
2069,1.404074,7.292035,5.887961000000001
2070,1.190163,4.464285,3.274122
2095,1.015384,1.957142,0.9417579999999999
2096,1.047619,1.53125,0.4836309999999999
2097,1.0,1.0,0.0
2110,1.1126,3.8125,2.6999
2113,1.012048,2.0,0.9879519999999999
2114,1.0,1.125,0.125
2115,1.039534,5.133333,4.093799000000001
2116,1.04054,1.822222,0.781682
2120,1.866666,21.395348,19.528682
2121,3.778947,11.212121,7.433173999999999
2123,2.057692,11.052631,8.994939
2130,1.294117,6.75,5.455883
2131,1.338926,4.858823,3.5198970000000003
2133,1.261904,3.363636,2.101732
2134,1.099056,2.876543,1.7774869999999998
2135,2.122977,12.980769,10.857792
2136,1.05,1.25,0.19999999999999996
2137,2.183823,11.111111,8.927287999999999
2140,1.010869,2.244444,1.233575
2146,1.135464,5.61151,4.476046
2147,1.076687,5.615384,4.538697
2148,1.080912,5.045871,3.964959
2153,1.924315,45.363636,43.439321
2154,1.049327,5.527131,4.477804
2155,1.146341,2.621621,1.4752800000000001
2172,1.125,1.542168,0.417168
2173,1.106382,2.690476,1.584094
2175,1.086956,2.30909,1.2221339999999998
2176,1.104986,9.711111,8.606125
2179,1.051851,2.0,0.9481489999999999
2180,1.0,1.142857,0.142857
2193,1.3297783763171098,1.0,-0.3297783763171098
2196,1.034482,1.454545,0.4200630000000001
2197,1.0,1.666666,0.666666
2198,1.0,1.066666,0.06666599999999989
2200,1.2,1.181818,-0.01818199999999992
2216,1.087811,8.40594,7.318128999999999
2219,1.220588,2.263157,1.042569
2221,1.053571,3.210526,2.156955
2224,1.009828,3.26923,2.2594019999999997
2227,1.0,2.410958,1.410958
2235,1.69265,11.298507,9.605857
2236,1.0,1.0,0.0
2244,1.012345,1.180555,0.16820999999999997
2245,1.047337,2.325,1.2776630000000002
2246,1.0,1.1875,0.1875
2248,1.0,1.0,0.0
2250,1.0,5.6396091433497535,4.6396091433497535
2252,1.048543,1.836065,0.787522
2256,1.0,1.541666,0.541666
2271,1.024456,9.663865,8.639408999999999
2282,1.090909,10.0,8.909091
2284,1.0,1.285714,0.285714
2285,1.0,1.2,0.19999999999999996
2286,1.0,1.0,0.0
2290,1.0,2.353658,1.3536579999999998
2292,1.301986,17.118644,15.816658
2296,1.528846,15.714285,14.185439
2299,1.0,1.357142,0.35714200000000007
2300,1.0,1.105263,0.1052630000000001
2303,1.027586,2.941747,1.9141609999999998
2304,1.203809,7.367816,6.164007000000001
2313,1.043478,2.573529,1.5300510000000003
2317,1.416666,2.133333,0.7166669999999999
2321,1.155963,2.0,0.8440369999999999
2322,1.137037,3.461538,2.3245009999999997
2363,1.3297783763171098,1.0,-0.3297783763171098
2366,1.025423,4.675,3.649577
2370,1.106508,5.528846,4.422338
2371,1.039383,5.585585,4.546202
2373,1.20853,5.333333,4.124803
2375,1.0,1.5,0.5
2389,1.021739,1.472222,0.45048299999999997
2390,1.49315,5.151515,3.658365
2391,1.707142,3.464788,1.757646
2414,1.3297783763171098,1.0,-0.3297783763171098
2428,1.0,1.608695,0.608695
2429,1.158319,8.674418,7.516098999999999
2430,1.163194,8.216867,7.053673000000001
2431,1.013157,2.625,1.611843
2432,1.0,2.0,1.0
2433,1.156462,3.122807,1.9663449999999998
2434,1.0,1.444444,0.44444400000000006
2435,1.438596,3.25,1.811404
2437,1.103139,1.673333,0.5701939999999999
2440,1.0,1.0,0.0
2443,1.0,1.25,0.25
2476,1.117346,4.6,3.4826539999999997
2483,3.051094,14.0,10.948906000000001
2484,1.066666,3.080357,2.0136909999999997
2485,1.005847,2.130952,1.1251050000000002
2486,1.0375,4.677777,3.6402769999999998
2512,1.0,2.0,1.0
2516,1.093023,2.8125,1.719477
2517,1.266666,2.333333,1.066667
2520,1.039473,1.863636,0.824163
2521,1.084745,1.352941,0.2681959999999999
2522,1.0,2.64,1.6400000000000001
2532,1.02,1.317073,0.2970729999999999
2535,1.0,1.275,0.2749999999999999
2537,1.3297783763171098,1.0,-0.3297783763171098
2543,1.0,1.1875,0.1875
2544,1.0,1.0,0.0
2549,1.3297783763171098,1.0,-0.3297783763171098
2554,1.0,1.0,0.0
2559,1.3297783763171098,1.0,-0.3297783763171098
2561,1.0,1.066666,0.06666599999999989
2568,1.126237,18.461538,17.335301
2570,1.282258,2.963636,1.6813780000000003
2571,1.111111,1.785714,0.6746030000000001
2572,1.034682,12.916666,11.881984
2573,1.130252,5.469387,4.339135000000001
2574,1.020942,12.393939,11.372997
2575,1.129629,4.738095,3.6084660000000004
2576,1.039772,3.09836,2.0585880000000003
2577,1.221374,2.677419,1.456045
2578,1.291666,2.735294,1.4436280000000001
2579,1.12556,2.954022,1.8284620000000003
2580,1.029629,2.846153,1.8165240000000002
2582,1.118518,3.568181,2.449663
2583,1.078947,1.954545,0.8755979999999999
2584,1.0,1.25,0.25
2585,5.521276,150.0,144.478724
2586,1.098901,2.641025,1.542124
2588,1.0,1.294117,0.29411699999999996
2589,1.3297783763171098,2.0,0.6702216236828902
2594,1.063829,1.130434,0.06660500000000003
2598,1.0,1.285714,0.285714
2602,1.128205,1.620689,0.49248400000000014
2604,1.066666,8.333333,7.266667
2606,3.0,12.0,9.0
2608,1.150819,3.279279,2.1284599999999996
2609,1.021052,3.37931,2.3582579999999997
2612,1.071428,2.142857,1.0714289999999997
2624,1.036269,4.533333,3.497064
2626,1.140625,1.704545,0.56392
2629,2.655555,17.857142,15.201587
2630,1.08,2.663043,1.583043
2631,1.062176,2.763157,1.700981
2632,1.3297783763171098,1.0,-0.3297783763171098
2633,1.0,1.25,0.25
2634,1.053956,2.921568,1.8676120000000003
2635,1.182089,7.90566,6.723571
2636,1.123809,1.704225,0.580416
2637,1.0,1.0625,0.0625
2638,1.0,1.0,0.0
2641,1.150442,2.528301,1.377859
2642,1.142857,2.380952,1.2380950000000002
2643,1.0,1.142857,0.142857
2645,1.050359,3.820512,2.7701529999999996
2650,1.571428,10.0,8.428571999999999
2676,1.0,1.444444,0.44444400000000006
2680,1.0,1.064516,0.06451600000000002
2683,1.042553,1.459459,0.416906
2685,1.036458,2.783783,1.747325
2686,1.0,1.25,0.25
2687,1.061904,5.4031,4.341196
2693,1.114285,1.592592,0.47830700000000004
2697,1.013698,1.357142,0.3434440000000001
2701,1.326445,36.488549,35.162104
2703,1.073529,1.16923,0.09570100000000004
2707,1.043956,1.818181,0.7742249999999999
2713,1.427631,11.578947,10.151316
2714,1.039285,2.92,1.880715
2715,1.067819,5.510204,4.442385
2716,1.064429,4.689655,3.625226
2719,1.0,1.555555,0.555555
2727,2.714285,3.705882,0.9915970000000001
2728,1.919402,8.675675,6.756273
2729,2.341085,6.01923,3.678145
2730,1.222222,1.222222,0.0
2731,1.257425,4.1875,2.930075
2732,1.097826,3.206896,2.10907
2733,1.213675,6.761904,5.548229
2734,1.06542,2.178571,1.1131509999999998
2740,1.018518,1.857142,0.838624
2757,1.0,1.8,0.8
2781,1.341232,3.7,2.3587680000000004
2784,1.077669,2.666666,1.5889970000000002
2786,1.0,1.55,0.55
2787,1.048,2.245901,1.1979009999999999
2796,1.199704,8.670212,7.470507999999999
2797,3.912002,61.0625,57.150498
2802,1.0,1.380952,0.38095199999999996
2803,1.0,1.333333,0.3333330000000001
2805,1.030612,1.147727,0.11711499999999986
2808,1.425357,10.420289,8.994932
2811,1.193033,18.651612,17.458579
2814,1.079661,10.460317,9.380656
2817,1.182741,7.261538,6.078797
2818,1.46134,8.071428,6.610087999999999
2819,1.142276,3.81081,2.668534
2820,1.11032,5.111111,4.000791
2821,6.843313,47.054794,40.211481
2824,2.276315,25.714285,23.43797
2830,1.427586,4.5,3.072414
2831,1.102803,1.830769,0.7279660000000001
2832,1.178947,3.65625,2.477303
2834,1.0,1.260869,0.260869
2835,1.0,1.636363,0.636363
2844,1.0,1.233333,0.233333
2860,1.0,1.75,0.75
2861,1.0,1.333333,0.3333330000000001
2865,1.032967,1.470588,0.43762100000000004
2866,1.0,1.756097,0.756097
2867,1.0,1.779411,0.7794110000000001
2868,1.0,1.851851,0.8518509999999999
2869,1.0,1.222222,0.22222199999999992
2887,1.0,1.6,0.6000000000000001
2891,1.0,1.214285,0.21428500000000006
2892,1.011363,2.043478,1.032115
2893,1.036585,1.627118,0.590533
2895,1.020586,9.067264,8.046678
2921,1.062706,2.286713,1.2240070000000003
2925,1.5,3.5,2.0
2926,1.515463,2.419354,0.9038909999999998
2929,1.064587,4.057377,2.99279
2931,1.106235,4.366071,3.259836
2932,1.03869,3.524752,2.486062
2936,1.107981,1.517241,0.40925999999999996
2937,1.011142,3.260869,2.249727
2942,1.037878,4.117647,3.0797689999999998
2946,1.105263,1.222222,0.11695899999999981
2948,2.215053,14.193548,11.978494999999999
2949,1.178403,5.808988,4.630585
2951,1.137546,3.584269,2.446723
2985,1.087378,1.984,0.896622
2986,1.022727,1.27027,0.24754300000000007
2987,1.11,4.461538,3.3515379999999997
2988,1.256172,3.550847,2.294675
2989,1.126436,2.092783,0.9663469999999998
2990,1.128526,3.62745,2.498924
2991,1.92405,11.072727,9.148677000000001
2996,1.264705,3.071428,1.806723
2998,1.083333,1.533333,0.44999999999999996
3000,6.040268,137.142857,131.102589
3001,3.030508,13.264705,10.234196999999998
3002,1.195979,7.966666,6.770687000000001
3006,2.044326,29.358974,27.314648
3012,5.5,6.0,0.5
3013,1.2375,4.277777,3.0402770000000006
3014,1.01875,4.337662,3.318912
3016,1.166666,4.666666,3.5
3018,1.064516,5.307692,4.243176
3019,1.085937,3.363636,2.277699
3024,1.049751,8.346153,7.296401999999999
3028,1.16055,5.840909,4.680359
3035,1.071428,6.8,5.728572
3040,2.0,3.0,1.0
3060,1.115702,1.851351,0.735649
3062,1.143564,2.70238,1.5588159999999998
3063,1.121621,1.393442,0.2718210000000001
3064,1.533333,2.0,0.46666699999999994
3066,1.89876,12.526315,10.627555000000001
3067,1.088235,1.904761,0.8165259999999999
3068,1.335937,4.461538,3.125601
3069,1.033898,1.127272,0.09337400000000007
3080,1.027247,3.423423,2.396176
3087,1.112195,2.505376,1.393181
3090,1.307692,1.2,-0.10769200000000012
3091,1.741116,7.306122,5.565006
3111,1.535714,8.544117,7.0084029999999995
3112,1.073825,2.253333,1.179508
3113,1.114285,3.529411,2.415126
3114,1.1875,3.636363,2.448863
3115,1.15909,2.58156,1.4224700000000001
3116,1.072368,2.576923,1.5045549999999999
3117,1.04878,3.661016,2.6122360000000002
3118,1.069343,2.348837,1.2794940000000001
3119,1.045454,2.215384,1.1699299999999997
3120,1.042857,1.659574,0.6167170000000002
3123,1.0,1.177777,0.17777700000000007
3125,1.117647,2.2,1.0823530000000001
3126,1.052631,1.466666,0.41403499999999993
3129,1.111111,1.5,0.38888900000000004
3130,1.228915,1.816666,0.5877509999999999
3131,1.032967,3.4,2.367033
3132,1.160493,2.065217,0.9047240000000001
3133,1.0,1.48387,0.48387
3134,1.185185,3.333333,2.148148
3155,1.070063,1.954545,0.884482
3157,1.25,1.95238,0.70238
3159,1.154471,2.257575,1.103104
3168,1.0,1.355555,0.35555500000000007
3174,1.0,1.25,0.25
3177,2.333333,3.5,1.166667
3178,1.108433,3.454545,2.3461119999999998
3180,1.281195,5.481751,4.200556
3182,1.15,3.475409,2.325409
3183,1.052631,2.915254,1.862623
3189,1.125423,2.429629,1.3042059999999998
3212,1.0,1.0,0.0
3221,3.005747,12.390243,9.384496
3224,1.061611,1.965517,0.9039059999999999
3225,1.0,2.0,1.0
3226,1.017241,1.122807,0.10556600000000005
3227,1.0,1.0,0.0
3229,1.04054,2.162162,1.121622
3234,1.009345,1.594202,0.584857
3235,1.051282,2.142857,1.0915749999999997
3237,1.121359,3.60606,2.484701
3238,1.0,1.05,0.050000000000000044
3239,1.0,1.285714,0.285714
3240,1.126984,1.280701,0.1537170000000001
3241,1.016949,1.015873,-0.001076000000000077
3248,2.940487,94.705882,91.765395
3252,1.058823,4.951219,3.8923959999999997
3253,1.072691,7.278145,6.2054540000000005
3254,1.046204,3.914634,2.86843
3256,1.027027,1.538461,0.5114340000000002
3257,1.0,1.5,0.5
3259,1.0,2.04878,1.0487799999999998
3261,1.0,1.137931,0.13793100000000003
3265,1.0,1.0,0.0
3266,1.04054,2.0,0.95946
3270,1.117647,1.785714,0.668067
3271,1.117647,1.692307,0.57466
3272,1.173913,1.208333,0.03442000000000012
3276,1.0,1.17647,0.1764699999999999
3277,1.0,1.0,0.0
3279,1.3297783763171098,1.0,-0.3297783763171098
3281,1.0,1.08,0.08000000000000007
3289,1.175084,3.086956,1.9118719999999998
3290,1.591836,9.78125,8.189414
3292,1.767441,11.25,9.482559
3295,1.008064,1.252427,0.24436299999999989
3296,1.067567,2.824561,1.7569940000000002
3297,1.081694,7.978021,6.896327
3298,1.009803,2.018181,1.0083779999999998
3299,3.309523,8.941176,5.631653
3300,1.021505,1.324324,0.30281899999999995
3301,3.705882,7.8125,4.106618
3302,1.074074,4.307692,3.2336180000000003
3303,1.046178,4.103658,3.05748
3308,1.03409,2.042553,1.0084629999999999
3309,1.194117,8.933333,7.739215999999999
3323,1.155172,2.075757,0.9205849999999998
3324,1.089552,1.310344,0.22079199999999988
3327,1.0,1.0,0.0
3330,1.025,1.228571,0.20357100000000017
3335,1.3297783763171098,1.0,-0.3297783763171098
3339,1.0,1.058823,0.05882300000000007
3340,1.0,1.0,0.0
3347,1.0,1.0,0.0
3348,1.0,1.0,0.0
3350,1.0,1.0,0.0
3353,1.0,2.757575,1.757575
3355,1.0,2.333333,1.333333
3356,1.5,3.45,1.9500000000000002
3358,1.0,1.363636,0.36363600000000007
3360,1.320717,6.509615,5.188898
3362,1.083109,3.904761,2.8216520000000003
3363,1.025477,1.481818,0.4563410000000001
3364,1.047169,2.089285,1.0421159999999998
3365,1.052631,1.145454,0.09282299999999988
3366,1.125,1.1875,0.0625
3367,1.0,1.0,0.0
3368,1.119402,1.241935,0.122533
3410,1.079411,2.936507,1.8570960000000003
3411,1.071782,5.939597,4.867815
3412,1.0625,6.065217,5.002717
3427,1.0,1.444444,0.44444400000000006
3428,1.0,1.0,0.0
3429,1.0,1.17647,0.1764699999999999
3430,2.266666,10.0,7.733334
3431,1.043478,1.35,0.3065220000000002
3444,4.246753,5.965517,1.7187640000000002
3446,2.351063,11.032258,8.681195
3448,1.5625,2.25,0.6875
3502,1.842105,3.6,1.757895
3504,1.169444,4.515463,3.3460189999999996
3512,1.013698,1.886363,0.872665
3513,1.228464,2.896551,1.668087
3517,1.615384,4.285714,2.67033
3526,1.0,1.0,0.0
3532,2.76908,28.62745,25.85837
3535,1.042682,4.143712,3.1010299999999997
3536,1.283088,10.47826,9.195172000000001
3537,1.155555,2.547619,1.392064
3542,1.0,1.0,0.0
3543,1.130434,1.238095,0.107661
3544,1.134615,2.377777,1.243162
3557,1.19178,2.671641,1.479861
3558,1.101449,1.549019,0.44757
3560,1.2396,7.102803,5.8632029999999995
3563,1.157517,3.313333,2.155816
3564,1.351206,5.897727,4.546521
3565,1.133971,3.854838,2.720867
3569,1.064102,1.133333,0.06923099999999982
3571,1.0,1.333333,0.3333330000000001
3573,1.25,1.133333,-0.11666700000000008
3574,1.0,1.069565,0.0695650000000001
3575,1.0,1.203125,0.203125
3576,1.042662,5.657894,4.615232
3578,1.031539,4.014184,2.982645
3584,1.0,2.481481,1.481481
3585,1.594594,4.666666,3.0720720000000004
3589,1.375,2.2,0.8250000000000002
3593,1.021978,3.064516,2.0425379999999995
3594,1.02399,14.983606,13.959616
3602,1.0,1.0,0.0
3605,1.04065,1.160714,0.12006399999999995
3606,1.021739,1.90566,0.883921
3607,1.063291,3.286821,2.2235300000000002
3611,1.0,1.545454,0.5454540000000001
3612,1.0,1.818181,0.818181
3614,2.557692,10.129629,7.571937
3621,1.045454,1.5,0.4545459999999999
3626,1.083333,1.761363,0.6780299999999999
3630,1.0,1.206896,0.20689599999999997
3638,1.017241,1.771428,0.7541869999999999
3649,1.034482,1.523809,0.48932700000000007
3655,1.026548,2.490196,1.463648
3656,1.0,1.258064,0.25806400000000007
3660,1.090586,8.493333,7.402747
3661,1.0,1.489583,0.4895830000000001
3662,2.837837,16.451612,13.613775
3663,2.704678,27.878787,25.174108999999998
3665,5.623655,30.857142,25.233487
3666,1.0099,1.191011,0.18111100000000002
3674,1.0,1.391304,0.3913040000000001
3683,1.0,1.034482,0.0344819999999999
3685,1.247422,14.757009,13.509587
3686,1.5314,6.384615,4.8532150000000005
3690,1.025974,2.023255,0.9972809999999999
3692,1.04,1.181818,0.141818
3695,1.065217,1.457142,0.39192499999999986
3696,1.010204,1.388888,0.3786839999999998
3697,1.02439,1.16,0.13561
3698,1.030634,3.95,2.919366
3703,5.075268,27.583333,22.508065
3704,1.044444,1.672413,0.627969
3705,1.064516,1.577777,0.513261
3706,1.025974,2.277777,1.251803
3707,1.027777,1.147058,0.11928099999999997
3708,1.216,2.724137,1.5081369999999998
3712,1.069408,2.825503,1.756095
3713,5.127127,54.010416,48.883289
3745,1.066037,6.628571,5.562534
3747,1.0,1.111111,0.11111099999999996
3770,1.037279,16.821052,15.783773000000002
3772,1.024088,8.447513,7.423425000000001
3777,1.045454,1.728395,0.6829409999999998
3790,1.01282,1.928571,0.915751
3798,1.013245,1.702127,0.688882
3799,1.020618,1.728813,0.7081949999999999
3800,1.076923,1.227272,0.15034899999999984
3801,1.053459,3.6875,2.634041
3802,3.087649,15.934426,12.846777
3803,1.0,1.089285,0.08928500000000006
3814,1.333333,1.285714,-0.04761900000000008
3815,1.019704,4.188118,3.1684140000000003
3816,1.021834,2.619565,1.5977310000000002
3822,1.02439,1.419354,0.3949640000000001
3824,1.064606,2.536912,1.4723060000000001
3825,1.0,1.0,0.0
3829,1.008928,1.134615,0.12568699999999988
3837,2.376,12.0,9.624
3841,1.670534,59.074074,57.40354000000001
3846,1.037593,32.966666,31.929072999999995
3847,1.010101,1.862068,0.8519670000000001
3848,1.005747,1.577586,0.571839
3856,1.086956,1.083333,-0.003622999999999932
3863,1.080645,1.15,0.06935499999999983
3864,1.028571,1.171428,0.142857
3865,1.044018,12.324675,11.280657
3876,1.0,1.057142,0.057142000000000026
3877,1.0,1.0,0.0
3882,1.116279,2.261904,1.145625
3888,1.021739,2.296551,1.274812
3889,4.215909,13.241379,9.02547
3896,1.152941,4.8,3.6470589999999996
3900,1.131578,3.0,1.868422
3901,3.206521,17.5,14.293479
3906,1.047619,2.888888,1.841269
3907,1.133561,6.855172,5.721610999999999
3910,1.831858,3.627118,1.7952599999999999
3911,1.0,1.125,0.125
3912,1.034482,1.48,0.4455180000000001
3913,1.03891,3.241379,2.202469
3918,1.0,1.0,0.0
3926,1.3297783763171098,1.0,-0.3297783763171098
3928,1.3297783763171098,1.0,-0.3297783763171098
3931,1.033557,5.654545,4.620988
3936,1.0,1.357142,0.35714200000000007
3943,1.0,1.765625,0.765625
3944,1.014598,2.134328,1.11973
3947,1.019607,1.472222,0.452615
3960,1.081625,19.180232,18.098607
3966,1.025358,6.905454,5.880096
3968,1.03125,7.392857,6.361607
3969,1.0,2.5,1.5
3970,1.0,1.886363,0.886363
3977,1.007462,1.945205,0.937743
3978,1.0,1.75,0.75
3979,1.58445,10.651785,9.067335
3980,1.040268,2.045454,1.005186
3981,1.026315,2.103448,1.0771330000000001
3982,1.021276,2.911764,1.8904879999999997
3986,1.0,1.235294,0.2352939999999999
3987,1.0,1.147058,0.1470579999999999
4039,2.529411,2.928571,0.39915999999999974
4040,2.90909,5.128205,2.2191150000000004
4058,1.090909,1.272727,0.18181800000000004
4059,1.01923,1.279069,0.25983899999999993
4064,1.1,2.254901,1.1549009999999997
4065,1.275288,7.68421,6.4089220000000005
4066,1.405405,3.037037,1.6316320000000002
4069,1.0,1.0,0.0
4070,1.036144,2.472222,1.436078
4087,1.0,1.163265,0.163265
4089,1.01845,2.325203,1.306753
4090,1.01415,3.774011,2.759861
4091,1.0,1.797297,0.7972969999999999
4096,18.092369,109.523809,91.43144
4097,1.049413,7.968553,6.9191400000000005
4098,2.0,10.0,8.0
4143,1.214285,1.875,0.6607149999999999
4144,1.600746,16.666666,15.065919999999998
4152,1.13924,3.112903,1.9736630000000002
4154,1.358208,3.730769,2.372561
4155,1.25641,1.324324,0.06791400000000003
4156,1.0,1.12,0.1200000000000001
4166,1.096774,6.772727,5.675953
4168,1.016393,1.729729,0.713336
4170,1.0,1.6,0.6000000000000001
4174,1.021276,1.148936,0.12765999999999988
4175,1.023255,2.182692,1.1594369999999998
4176,1.048338,2.503546,1.455208
4178,2.395271,187.553191,185.15792
4183,1.382084,53.333333,51.951249000000004
4187,4.722408,122.916666,118.194258
4188,1.360287,27.245614,25.885327
4193,1.72043,13.722222,12.001792
4196,1.678102,19.788235,18.110133
4208,1.0,2.0,1.0
4211,1.264119,9.734177,8.470058000000002
4213,1.053763,3.294117,2.240354
4214,1.078125,2.0,0.921875
4216,1.0,1.222222,0.22222199999999992
4217,1.375,1.714285,0.33928500000000006
4219,1.272727,1.272727,0.0
4223,1.040662,7.319587,6.278925
4224,1.136752,2.581818,1.4450660000000002
4225,4.219888,97.029702,92.809814
4229,1.026905,2.807228,1.7803229999999999
4230,1.0,2.333333,1.333333
4234,1.0,1.466666,0.466666
4237,1.076923,2.259259,1.182336
4238,1.168421,6.833333,5.664911999999999
4285,1.0,1.230769,0.230769
4288,1.064516,3.058823,1.9943069999999998
4292,1.461147,41.944444,40.483297
4302,1.046875,4.371794,3.3249190000000004
4303,1.118598,6.304347,5.1857489999999995
4304,1.136363,1.177777,0.04141400000000006
4305,2.393442,6.4,4.006558
4311,1.066666,1.888888,0.822222
4312,1.08526,12.492063,11.406803
4323,2.90909,10.0,7.09091
4326,1.0,1.043478,0.043477999999999906
4327,1.0,1.190476,0.1904760000000001
4340,2.488265,88.0,85.511735
4341,2.774086,16.132075,13.357989
4343,1.055555,1.760869,0.705314
4346,1.155555,1.931034,0.7754789999999998
4352,1.066115,3.088888,2.022773
4354,1.009433,1.329411,0.3199779999999999
4356,1.0,1.272727,0.27272699999999994
4359,1.0,2.117647,1.1176469999999998
4364,1.047619,1.339622,0.292003
4367,1.076923,1.071428,-0.005495000000000028
4368,1.014134,3.252747,2.238613
4370,1.0,1.931034,0.9310339999999999
4372,1.015625,1.971428,0.955803
4373,1.0,1.689655,0.6896549999999999
4374,1.0,1.777777,0.7777769999999999
4375,1.0,1.956521,0.956521
4376,1.0,2.666666,1.6666660000000002
4380,1.065934,3.089947,2.024013
4383,1.0,1.105263,0.1052630000000001
4386,1.016129,1.240384,0.22425499999999987
4389,1.108108,1.571428,0.46331999999999995
4390,1.666666,2.5,0.833334
4406,1.0,1.816326,0.8163260000000001
4407,2.0,2.0,0.0
4408,1.0,1.75,0.75
4409,1.047619,1.368421,0.32080200000000003
4417,1.0,1.133333,0.13333299999999992
4418,1.159574,1.847457,0.6878829999999998
4420,1.11875,3.285714,2.166964
4421,1.294117,5.207547,3.91343
4422,1.016666,1.236363,0.21969700000000003
4425,1.134529,2.76344,1.6289110000000002
4426,1.085561,3.013888,1.9283270000000001
4429,1.0,2.173913,1.1739130000000002
4431,1.077868,4.387096,3.3092279999999996
4432,1.100671,1.78125,0.680579
4433,1.107843,2.127272,1.0194290000000001
4435,1.127118,3.805555,2.6784369999999997
4436,1.133333,1.384615,0.251282
4437,1.015625,1.642857,0.627232
4438,1.18,2.068965,0.888965
4439,1.170731,2.291666,1.1209350000000002
4441,1.076923,2.666666,1.5897430000000001
4442,1.104166,1.318181,0.21401500000000007
4447,1.102564,2.069767,0.967203
4449,1.086956,1.790697,0.703741
4450,1.077399,2.594202,1.5168030000000001
4462,1.0,1.28,0.28
4464,1.0,1.703703,0.703703
4468,1.043478,1.227272,0.183794
4469,1.017897,3.949152,2.931255
4470,1.008196,1.884057,0.875861
4539,1.033613,2.608247,1.574634
4570,1.964912,11.578947,9.614035
4571,1.091666,1.30097,0.20930399999999993
4589,1.237762,4.2,2.962238
4590,1.082191,2.175675,1.0934840000000001
4591,1.143589,3.19178,2.048191
4592,1.434426,28.461538,27.027112000000002
4597,1.411764,1.444444,0.03268000000000004
4599,1.166666,1.0,-0.16666599999999998
4600,1.0,1.0,0.0
4601,1.05,1.157894,0.10789399999999993
4602,1.5,2.0,0.5
4603,1.014084,2.0,0.985916
4605,5.023529,19.294117,14.270588
4607,6.879227,31.463414,24.584187
4611,1.064516,1.5,0.435484
4613,1.029411,1.506849,0.47743800000000003
4614,1.0,1.288135,0.28813500000000003
4618,1.0,1.545454,0.5454540000000001
4619,1.104166,2.581395,1.4772290000000001
4620,1.261111,7.36923,6.108119
4626,1.096774,1.301886,0.20511200000000018
4632,1.0,1.0,0.0
4647,1.037894,6.826666,5.788772
4649,1.052631,1.142857,0.09022599999999992
4651,1.038167,1.893333,0.8551659999999999
4652,1.220588,3.222222,2.001634
4653,1.053475,2.148936,1.095461
4654,1.064,2.057971,0.9939710000000002
4656,1.059859,2.942857,1.882998
4657,1.23913,1.35,0.11087000000000002
4658,1.0,1.76,0.76
4660,1.045454,2.4375,1.392046
4661,1.0,1.2,0.19999999999999996
4663,1.057142,1.225806,0.16866399999999993
4664,1.032258,3.956896,2.924638
4665,1.0343,3.913461,2.879161
4667,1.97159,13.2,11.22841
4668,1.3125,3.181818,1.8693179999999998
4669,1.03125,1.259259,0.2280089999999999
4670,1.0,1.47826,0.4782599999999999
4671,1.013333,2.666666,1.6533330000000002
4673,1.0,1.384615,0.38461499999999993
4674,1.028571,1.777777,0.749206
4675,1.0,1.186046,0.18604599999999993
4677,1.063414,3.709677,2.6462630000000003
4681,1.025316,1.605769,0.5804530000000001
4682,1.0,1.0,0.0
4683,1.0,1.0,0.0
4684,1.0,1.040816,0.04081599999999996
4686,1.102564,2.435582,1.333018
4687,1.016736,2.024793,1.0080569999999998
4688,1.015625,1.833333,0.8177080000000001
4689,1.04878,1.333333,0.28455300000000006
4695,1.0,1.5,0.5
4696,1.366666,1.645161,0.27849500000000016
4697,1.723112,54.047619,52.324507
4701,1.0,1.5,0.5
4703,1.13924,1.843137,0.703897
4705,1.0,3.823529,2.823529
4706,1.0,1.0625,0.0625
4712,1.148148,2.2,1.0518520000000002
4715,1.0,1.266666,0.26666600000000007
4716,1.035433,4.512396,3.4769629999999996
4717,3.431701,14.972375,11.540674
4718,1.0099,1.350649,0.34074899999999997
4726,1.034883,1.181818,0.14693500000000004
4732,1.0,1.0,0.0
4757,1.2,10.0,8.8
4762,1.102564,1.654545,0.5519809999999998
4763,1.234285,3.677419,2.4431339999999997
4764,2.053571,4.551282,2.497711
4766,1.137032,27.361111,26.224079
4772,1.0,1.0,0.0
4777,2.2,15.0,12.8
4783,3.230769,8.272727,5.041957999999999
4786,1.101694,1.731707,0.6300130000000002
4792,1.023376,4.693181,3.669805
4794,1.066666,1.4,0.333334
4800,1.191489,1.272727,0.08123799999999992
4802,1.0,1.189189,0.18918900000000005
4808,1.041046,11.756578,10.715532
4810,1.42735,2.646153,1.218803
4811,1.374034,6.939393,5.565359
4812,1.458128,4.08,2.6218719999999998
4813,1.467889,3.207547,1.739658
4815,3.723776,13.111111,9.387335
4816,2.38305,28.776,26.39295
4847,1.063291,2.457142,1.3938510000000002
4849,1.0,1.15,0.1499999999999999
4850,1.055555,3.087719,2.032164
4853,1.014705,1.543478,0.5287729999999999
4856,1.139705,3.02,1.880295
4857,2.02265,14.267716,12.245066
4858,1.0,1.791666,0.791666
4863,1.0,1.225806,0.22580599999999995
4869,1.116928,8.75,7.633072
4874,1.305555,1.529411,0.22385600000000005
4884,1.636363,14.8125,13.176137
4885,3.847619,61.666666,57.819047
4887,1.101851,1.7,0.598149
4888,2.04076,24.623655,22.582895
4889,1.025641,1.314285,0.2886439999999999
4895,1.107476,3.0125,1.9050240000000003
4896,1.0,1.68,0.6799999999999999
4900,1.012145,5.0,3.9878549999999997
4901,1.012048,1.59813,0.586082
4902,1.0,1.5,0.5
4905,1.0,1.083333,0.0833330000000001
4907,1.013513,1.886363,0.8728499999999999
4909,1.025487,4.552631,3.527144
4910,1.0,1.075,0.07499999999999996
4912,1.0,1.105263,0.1052630000000001
4913,1.033492,2.78125,1.747758
4914,1.0,1.2,0.19999999999999996
4915,1.072344,9.35433,8.281986
4917,1.120481,2.127659,1.007178
4918,1.185185,1.91228,0.727095
4922,1.029585,2.311688,1.2821030000000002
4923,1.0,1.1,0.10000000000000009
4925,1.097087,2.608695,1.511608
4926,1.0,1.142857,0.142857
4927,1.065217,1.314285,0.24906799999999985
4928,1.0,1.0,0.0
4931,1.0,1.0,0.0
4932,1.156028,3.641304,2.485276
4933,1.053475,5.586666,4.533191
4934,3.704545,15.5,11.795455
4935,1.107692,2.028571,0.920879
4936,1.603448,16.131578,14.52813
4937,1.170923,4.854838,3.683915
4938,1.057768,5.838709,4.780940999999999
4940,1.169354,3.883116,2.713762
4941,1.17,2.733333,1.563333
4942,1.0,1.0,0.0
4943,1.037037,1.075471,0.03843400000000008
4944,1.04918,1.846153,0.7969729999999999
4945,1.0,1.0,0.0
4949,3.806835,22.798245,18.991410000000002
4960,3.152066,22.72093,19.568863999999998
4961,2.227772,31.150684,28.922911999999997
4962,1.069958,2.946236,1.876278
4963,1.049004,4.094674,3.0456700000000003
4965,1.3297783763171098,1.0,-0.3297783763171098
4966,1.0,1.0,0.0
4967,1.0,2.333333,1.333333
4969,1.10555,13.752808,12.647258
4971,1.548387,3.72043,2.172043
4972,1.086956,1.666666,0.57971
4973,1.538243,12.663043,11.1248
4975,2.5,2.5,0.0
4981,1.2517,6.064516,4.812816
4982,1.07326,5.067796,3.994536
4986,1.36,1.37037,0.01036999999999999
4987,1.022727,2.044776,1.0220490000000002
4988,1.006211,2.024096,1.0178850000000002
4990,1.09589,1.338709,0.2428189999999999
4998,1.03139,2.47826,1.44687
5004,1.0,1.25,0.25
5016,1.349593,7.95238,6.602786999999999
5020,2.738853,8.461538,5.7226849999999985
5021,1.679406,42.352941,40.673535
5022,1.0,1.333333,0.3333330000000001
5024,1.076923,2.261904,1.1849809999999998
5026,1.666666,1.8,0.13333400000000006
5027,1.3297783763171098,1.0,-0.3297783763171098
5030,3.0,6.0,3.0
5050,1.039215,1.375,0.335785
5055,1.0,1.4,0.3999999999999999
5060,1.0625,2.829787,1.767287
5070,1.0,1.0,0.0
5079,1.166666,3.130434,1.9637680000000002
5080,1.0,2.388888,1.3888880000000001
5082,1.090909,3.210526,2.1196170000000003
5083,1.01992,2.626262,1.6063420000000002
5084,1.243801,7.390243,6.146442
5085,1.020408,1.214285,0.19387700000000008
5086,1.130434,2.0625,0.9320660000000001
5088,1.206106,2.347826,1.14172
5089,1.231578,4.76923,3.5376520000000005
5094,1.073099,3.693069,2.61997
5128,1.078947,3.597014,2.5180670000000003
5131,6.6,19.636363,13.036363
5133,6.122727,41.353846,35.231119
5154,1.0,2.0,1.0
5155,1.02,1.133333,0.1133329999999999
5160,1.0,1.118279,0.11827900000000002
5177,1.043478,2.074074,1.030596
5178,1.595084,22.888888,21.293804
5183,1.076923,3.5,2.423077
5188,1.0,1.333333,0.3333330000000001
5189,1.043478,2.0,0.9565220000000001
5191,1.026086,2.307692,1.2816059999999998
5192,1.024793,2.280701,1.255908
5193,1.005128,2.317073,1.3119450000000001
5195,1.0,1.666666,0.666666
5200,1.234939,7.45977,6.224831
5201,1.395604,20.857142,19.461538
5204,7.982269,44.150943,36.168673999999996
5205,1.0,1.0,0.0
5207,1.0,1.0,0.0
5211,1.048611,4.4,3.351389
5212,1.052083,3.030303,1.9782199999999999
5214,1.421052,5.50909,4.088037999999999
5215,1.611842,9.833333,8.221491
5218,1.352941,20.0,18.647059
5219,1.210526,5.72,4.509474
5221,1.0,2.303797,1.3037969999999999
5230,1.0,1.681818,0.681818
5234,1.05298,3.25,2.19702
5236,1.008849,2.148148,1.1392989999999998
5237,1.0,1.2,0.19999999999999996
5238,2.893617,12.380952,9.487335000000002
5240,1.047794,2.798076,1.7502820000000001
5241,1.142156,2.746987,1.604831
5251,1.086956,2.170212,1.0832559999999998
5252,1.24812,3.595744,2.3476239999999997
5253,1.066666,2.260869,1.1942030000000001
5254,1.208333,1.26923,0.06089699999999998
5256,1.135593,1.945945,0.810352
5259,1.164772,8.461538,7.296765999999999
5260,1.193798,2.347826,1.154028
5264,1.089385,2.657894,1.5685090000000002
5267,1.086206,1.729729,0.6435230000000001
5268,1.023391,2.130952,1.1075610000000002
5273,1.0,1.8,0.8
5275,1.028436,2.351063,1.322627
5276,1.0,1.358974,0.3589739999999999
5277,1.1,3.786666,2.6866659999999998
5278,1.0,1.444444,0.44444400000000006
5293,1.126637,3.413333,2.286696
5302,2.454545,5.0,2.545455
5315,2.0,1.5,-0.5
5320,1.525525,19.923076,18.397551
5321,1.339449,5.76923,4.429781
5335,1.0625,1.17647,0.1139699999999999
5337,1.0,1.5,0.5
5338,1.0,1.24,0.24
5346,1.0,2.333333,1.333333
5353,1.0,1.0,0.0
5354,1.076923,1.7,0.6230769999999999
5355,1.083969,2.323076,1.239107
5356,1.0,1.305084,0.3050839999999999
5359,1.012121,2.666666,1.6545450000000002
5360,1.12676,2.545454,1.418694
5369,1.0,1.166666,0.16666599999999998
5373,1.021739,2.076923,1.055184
5374,1.144504,29.8,28.655496
5384,1.916666,5.263157,3.3464909999999994
5386,1.167192,4.488636,3.3214439999999996
5395,1.0,1.0,0.0
5403,1.672765,32.533333,30.860568
5409,1.0,1.333333,0.3333330000000001
5416,1.066666,1.0625,-0.004165999999999892
5420,1.172839,9.090909,7.91807
5421,2.420289,13.714285,11.293996
5436,1.0,1.0,0.0
5437,1.0,1.0,0.0
5452,1.0,1.125,0.125
5457,1.055749,2.704347,1.6485979999999998
5465,1.071428,1.066666,-0.004762000000000155
5472,1.090909,4.625,3.534091
5477,3.825203,50.777777,46.952574
5484,1.147058,1.555555,0.4084970000000001
5504,1.106382,3.352941,2.246559
5507,1.174979,17.6,16.425021
5509,1.083333,3.966666,2.883333
5511,3.153846,7.0,3.846154
5516,1.07772,5.702702,4.624982
5532,2.322033,21.666666,19.344632999999998
5533,1.125,1.2,0.07499999999999996
5548,1.243243,1.7,0.45675699999999986
5555,1.018181,2.068965,1.050784
5557,1.09375,3.272727,2.178977
5564,1.05149,3.319672,2.2681820000000004
5578,1.975609,4.47619,2.500581
5586,1.022727,1.75,0.7272730000000001
5588,1.094339,1.771428,0.677089
5589,1.194346,6.034482,4.840135999999999
5594,1.004081,10.833333,9.829252
5598,1.619402,22.0,20.380598
5611,1.405737,4.863013,3.4572759999999993
5623,4.0,15.0,11.0
5629,2.110576,14.30303,12.192454
5631,1.352459,6.0,4.647541
5633,1.235294,7.333333,6.098039
5636,4.647465,48.095238,43.447773
5639,1.085106,1.787878,0.7027720000000002
5642,2.770334,10.285714,7.51538
5648,1.046511,2.3,1.2534889999999999
5649,1.038095,2.386363,1.3482679999999998
5653,1.028571,1.357142,0.32857100000000017
5654,1.263157,1.571428,0.30827099999999996
5656,1.137931,3.428571,2.29064
5672,1.272727,5.0,3.7272730000000003
5673,1.0,1.145454,0.14545399999999997
5675,1.355263,1.827586,0.4723229999999998
5688,1.026086,2.0,0.973914
5689,1.571428,33.0,31.428572
5691,1.5,6.0,4.5
5695,1.075581,3.129032,2.053451
5697,2.022727,6.428571,4.405844
5699,1.166666,3.631578,2.464912
5704,1.0,1.166666,0.16666599999999998
5707,1.034482,2.642857,1.6083749999999999
5710,1.086956,1.709677,0.6227209999999999
5711,1.0,1.095238,0.09523799999999993
5712,1.425925,5.785714,4.359788999999999
5715,1.038961,2.27027,1.231309
5716,1.0,2.0,1.0
5719,1.081521,3.0,1.918479
5722,1.02,1.75862,0.73862
5726,1.06,1.410256,0.3502559999999999
5728,1.24812,1.988636,0.7405160000000002
5729,1.167968,5.830188,4.66222
5730,1.137931,2.9875,1.8495689999999998
5731,1.0,2.333333,1.333333
5733,1.15625,2.586666,1.4304160000000001
5736,1.0,1.166666,0.16666599999999998
5739,1.415841,4.5,3.084159
5749,1.812958,44.166666,42.353708
5755,1.073684,4.4,3.3263160000000003
5756,1.241935,6.92,5.678065
5759,1.0,1.09756,0.09756000000000009
5762,1.401869,4.657142,3.2552730000000003
5763,1.0,2.25,1.25
5765,1.181286,7.76,6.578714
5766,1.05,1.352941,0.3029409999999999
5767,1.125,3.0,1.875
5768,1.095238,3.0,1.904762
5781,1.655737,3.777777,2.12204
5782,1.014705,2.3125,1.297795
5786,1.467741,3.730769,2.2630280000000003
5787,1.166666,1.142857,-0.02380899999999997
5794,1.258064,1.290322,0.0322579999999999
5795,1.00813,3.558823,2.550693
5797,1.066666,1.058823,-0.007842999999999822
5798,1.041666,1.857142,0.8154760000000001
5810,1.0,1.3,0.30000000000000004
5811,1.192546,7.071428,5.878882
5812,1.0,1.090909,0.0909089999999999
5828,1.032967,4.420454,3.387487
5830,1.157142,2.903225,1.746083
5840,1.0,1.294117,0.29411699999999996
5850,1.03125,1.407407,0.3761570000000001
5851,1.027777,6.416666,5.388889000000001
5854,1.0,2.5,1.5
5856,1.029411,1.1875,0.15808899999999992
5870,2.771929,41.0,38.228071
5875,1.342857,15.6,14.257143
5883,1.166666,3.0,1.833334
5889,1.086419,2.967741,1.8813220000000002
5893,1.0,2.125,1.125
5894,1.1,2.789473,1.689473
5903,1.055045,3.051282,1.996237
5908,2.0,5.6396091433497535,3.6396091433497535
5909,1.132075,2.73913,1.607055
5910,1.0,2.0,1.0
5911,1.0,2.0,1.0
5912,1.0,2.0,1.0
5913,1.0,2.0,1.0
5914,1.0,2.0,1.0
5916,1.5,1.666666,0.16666599999999998
5920,2.097744,10.214285,8.116541
5924,1.0,1.833333,0.8333330000000001
5927,1.9,3.0,1.1
5928,1.0,2.666666,1.6666660000000002
5929,1.1875,2.846153,1.6586530000000002
5943,1.022388,3.136363,2.113975
5944,1.075471,3.5,2.4245289999999997
5945,1.150537,2.651162,1.5006249999999999
5948,1.068627,3.965517,2.89689
5954,1.0,4.333333,3.3333329999999997
5971,1.0,1.590909,0.5909089999999999
5974,1.16129,7.666666,6.505376
5975,2.25,4.5,2.25
5977,1.508241,30.0,28.491759000000002
5980,1.777777,4.6,2.8222229999999997
5984,1.022222,1.961538,0.939316
5988,1.117647,1.157894,0.04024699999999992
5992,1.3297783763171098,2.0,0.6702216236828902
5994,1.0,1.0,0.0
5998,1.0,1.0,0.0
6000,1.066666,2.47619,1.409524
6001,1.0,1.0,0.0
6003,1.0,1.0,0.0
6004,1.153846,2.090909,0.937063
6005,1.536398,13.703703,12.167305
6006,1.0,1.222222,0.22222199999999992
6017,1.047058,2.447368,1.40031
6019,1.0,1.25,0.25
6020,1.0,1.0,0.0
6021,1.0,2.666666,1.6666660000000002
6022,1.0,1.0,0.0
6026,1.292682,3.352941,2.060259
6029,4.491525,14.0,9.508475
6034,1.0625,2.857142,1.794642
6040,1.0,1.0,0.0
6041,1.245901,2.827586,1.5816850000000002
6044,1.3297783763171098,1.0,-0.3297783763171098
6045,1.3297783763171098,1.0,-0.3297783763171098
6046,1.029761,6.517241,5.487480000000001
6047,1.0,2.444444,1.4444439999999998
6048,1.1,3.0,1.9
6052,1.0,1.058823,0.05882300000000007
6056,1.55,3.2,1.6500000000000001
6057,1.15,3.0,1.85
6058,1.0,6.45,5.45
6062,1.1,3.230769,2.130769
6069,1.323529,3.172413,1.8488840000000002
6071,1.157303,4.976744,3.8194410000000003
6073,1.022727,2.589041,1.566314
6077,1.936247,18.771929,16.835682
6087,3.096774,100.0,96.903226
6097,1.5,3.0,1.5
6102,1.027777,2.352941,1.325164
6107,1.04371,8.68644,7.642729999999999
6112,1.0,1.571428,0.571428
6114,1.021276,1.5625,0.5412239999999999
6116,2.236559,6.967741,4.731182
6121,1.22388,5.5,4.27612
6127,1.378378,2.166666,0.7882880000000001
6131,1.0,1.206896,0.20689599999999997
6133,1.175438,3.0,1.824562
6145,1.051724,1.96875,0.9170259999999999
6148,1.130434,6.615384,5.4849499999999995
6149,1.048192,1.956521,0.9083289999999999
6151,1.0,1.571428,0.571428
6152,1.047619,1.210526,0.1629069999999999
6153,1.023809,2.136363,1.1125539999999998
6154,1.027777,1.147058,0.11928099999999997
6158,1.034188,2.729166,1.694978
6159,1.136842,4.520833,3.383991
6163,1.064,2.1875,1.1235
6167,1.0,1.75,0.75
6168,1.115789,2.947368,1.831579
6169,1.189189,2.318181,1.128992
6182,1.0,1.094339,0.09433899999999995
6183,1.0,1.692307,0.692307
6184,1.061538,3.714285,2.6527469999999997
6199,1.083333,1.384615,0.3012819999999998
6201,3.052631,9.0,5.947369
6202,1.029411,1.333333,0.303922
6203,1.0,2.2,1.2000000000000002
6208,1.087719,3.279069,2.19135
6209,1.06992,12.173913,11.103993000000001
6212,1.043478,2.083333,1.0398550000000002
6218,1.188524,6.125,4.936476
6220,1.4,3.5,2.1
6229,1.053648,5.137254,4.0836060000000005
6241,1.26923,4.111111,2.841881
6243,1.029535,3.628571,2.599036
6252,1.0,2.4,1.4
6253,1.19469,3.341463,2.146773
6254,1.333333,3.0,1.666667
6257,1.163265,5.166666,4.003401
6258,1.0,1.0,0.0
6259,1.056603,2.636363,1.5797599999999998
6261,1.0,1.0,0.0
6267,1.3297783763171098,2.0,0.6702216236828902
6276,2.441176,11.25,8.808824
6277,1.47826,4.75,3.2717400000000003
6278,2.086956,5.2,3.1130440000000004
6281,1.0,1.833333,0.8333330000000001
6283,1.142857,1.777777,0.6349199999999999
6291,1.0,1.0,0.0
6292,1.0,1.0,0.0
6297,1.154761,15.428571,14.27381
6300,1.043478,2.425,1.381522
6306,1.363636,3.75,2.386364
6312,1.0,1.0,0.0
6315,3.904761,64.285714,60.380953
6316,1.328467,5.5,4.171533
6321,1.0,1.16,0.15999999999999992
6323,1.174672,4.677966,3.5032939999999995
6324,1.419753,3.617647,2.197894
6327,1.0,1.555555,0.555555
6337,1.0,1.125,0.125
6339,1.0,2.5,1.5
6342,1.054237,5.68421,4.629973
6355,1.0,1.583333,0.5833330000000001
6356,3.0,2.333333,-0.6666669999999999
6357,1.0,1.0,0.0
6358,1.0,1.0,0.0
6360,1.0,1.130434,0.13043399999999994
6362,1.037037,2.125,1.087963
6369,1.0,2.2,1.2000000000000002
6375,1.17341,4.636363,3.462953
6376,1.181467,4.861538,3.6800710000000003
6382,1.408196,11.981566,10.57337
6385,1.056782,7.183673,6.126891
6391,1.0,1.0,0.0
6392,1.0,1.052631,0.052631000000000094
6393,1.0,1.0,0.0
6394,1.042105,2.363636,1.321531
6395,1.021052,2.805555,1.784503
6396,1.007722,5.115384,4.1076619999999995
6397,1.027777,1.181818,0.1540410000000001
6403,1.072727,3.755102,2.682375
6406,1.0,1.142857,0.142857
6410,1.0,1.25,0.25
6411,1.0,2.5,1.5
6413,1.055555,2.5,1.444445
6416,1.0,1.24031,0.24031000000000002
6417,1.0,1.16,0.15999999999999992
6418,1.064516,1.241379,0.176863
6422,1.047101,3.604938,2.557837
6426,1.0,1.0,0.0
6428,4.151515,20.0,15.848485
6438,3.692307,29.0,25.307693
6449,1.022471,3.357142,2.334671
6451,1.087378,3.612903,2.525525
6454,1.145454,4.775,3.6295460000000004
6455,1.06,1.341463,0.281463
6456,1.051282,1.222222,0.17093999999999987
6458,1.0,1.68421,0.68421
6459,1.0,1.5,0.5
6461,1.631578,3.703703,2.0721249999999998
6464,1.0,1.0,0.0
6470,1.090909,2.4,1.309091
6471,1.3297783763171098,10.0,8.67022162368289
6474,2.05,8.5,6.45
6481,1.166666,1.0,-0.16666599999999998
6483,1.13245,4.238095,3.1056450000000004
6491,1.016666,1.222222,0.20555599999999985
6493,1.058823,1.2,0.14117699999999989
6498,1.075,3.6,2.5250000000000004
6513,1.0,1.0,0.0
6515,1.157894,3.65625,2.4983560000000002
6517,1.034482,3.416666,2.3821840000000005
6525,1.067796,2.904761,1.8369650000000002
6526,1.0,1.5,0.5
6530,1.214285,2.571428,1.357143
6531,1.0,1.2,0.19999999999999996
6535,1.157894,2.777777,1.619883
6558,1.078651,5.666666,4.588015
6562,1.869565,3.56,1.6904350000000001
6565,1.321428,4.272727,2.9512989999999997
6573,1.0,1.4,0.3999999999999999
6575,1.0,1.625,0.625
6578,1.0,1.6,0.6000000000000001
6583,1.058823,2.434782,1.3759589999999997
6590,1.267241,16.444444,15.177203
6596,1.0,1.6,0.6000000000000001
6600,1.8,7.571428,5.771428
6602,1.0,1.0,0.0
6624,1.181818,4.038461,2.856643
6636,3.714285,10.0,6.285715
6638,1.051282,2.0,0.948718
6648,1.571428,2.0,0.42857199999999995
6652,1.055555,9.391304,8.335749
6653,1.065217,5.368421,4.303203999999999
6654,1.042372,7.0,5.957628
6657,1.055555,3.153846,2.098291
6671,1.3297783763171098,2.0,0.6702216236828902
6677,1.0,1.8,0.8
6684,1.125,1.375,0.25
6687,1.076923,9.555555,8.478632
6700,1.111111,1.692307,0.581196
6701,1.071428,1.888888,0.8174599999999999
6703,1.0,2.28,1.2799999999999998
6715,1.071428,2.75,1.678572
6717,1.066666,1.214285,0.14761900000000017
6721,1.0,1.294117,0.29411699999999996
6723,1.086956,5.0,3.913044
6724,1.28395,7.066666,5.782716
6744,1.02439,2.421052,1.396662
6745,1.071428,1.777777,0.7063489999999999
6750,1.558823,3.647058,2.088235
6751,1.921568,10.3,8.378432
6756,1.428571,7.5,6.071429
6758,1.0,1.611111,0.611111
6759,1.709401,38.875,37.165599
6775,1.0,2.095238,1.0952380000000002
6777,1.037037,1.9375,0.900463
6778,1.0,1.333333,0.3333330000000001
6780,1.0,1.357142,0.35714200000000007
6782,1.0,1.0,0.0
6786,1.0,1.75,0.75
6800,1.075757,4.114285,3.0385279999999995
6801,1.125,1.266666,0.14166600000000007
6807,1.3297783763171098,12.0,10.67022162368289
6812,1.081395,2.694444,1.6130489999999997
6813,1.041666,2.5,1.458334
6826,1.0,2.5,1.5
6827,1.224299,5.148148,3.9238489999999997
6831,1.0,1.0,0.0
6837,1.47589,21.17647,19.70058
6839,1.0,1.0,0.0
6847,3.880281,23.461538,19.581257
6848,1.0,1.235294,0.2352939999999999
6849,1.0,1.0,0.0
6856,1.055555,1.368421,0.3128660000000001
6857,1.142857,1.5,0.357143
6858,3.37864,14.583333,11.204692999999999
6862,1.102564,1.916666,0.8141019999999999
6863,1.0,1.0,0.0
6870,1.084745,7.944444,6.859699
6871,1.104651,3.84,2.735349
6882,6.0,20.0,14.0
6888,1.0,1.0,0.0
6893,1.090909,2.076923,0.986014
6900,1.0,5.6396091433497535,4.6396091433497535
6905,1.0,2.375,1.375
6912,1.411764,10.0,8.588236
6915,1.0,1.833333,0.8333330000000001
6916,1.0,2.25,1.25
6924,1.9329,35.714285,33.781385
6929,1.1,4.384615,3.284615
6931,1.032258,1.307692,0.2754340000000002
6933,1.095238,2.0,0.9047620000000001
6934,1.375,3.25,1.875
6936,17.166666,43.75,26.583334
6938,1.115384,1.875,0.7596160000000001
6941,1.085714,3.391304,2.3055899999999996
6942,1.063218,6.857142,5.793924
6949,1.018518,2.636363,1.6178449999999998
6959,8.844444,125.0,116.155556
6961,1.0,1.857142,0.8571420000000001
6962,1.09589,2.324324,1.2284339999999998
6970,1.260869,2.32,1.0591309999999998
6992,3.0,3.0,0.0
7001,1.0,1.0,0.0
7006,1.0625,1.5,0.4375
7011,1.0,1.6,0.6000000000000001
7016,1.212121,2.105263,0.8931419999999999
7025,1.057142,2.866666,1.809524
7032,1.0,1.5,0.5
7035,3.122807,9.68421,6.561403
7038,1.0,1.47619,0.4761899999999999
7042,1.2,3.0,1.8
7043,2.0,3.0,1.0
7044,1.0,3.6,2.6
7050,1.025641,4.666666,3.641025
7085,1.0,2.333333,1.333333
7107,1.0,1.0,0.0
7123,1.028368,3.820512,2.792144
7124,1.02439,1.323529,0.29913900000000004
7125,1.111111,1.571428,0.4603170000000001
7126,1.0,1.0,0.0
7128,1.216666,5.846153,4.629487
7136,1.052631,1.916666,0.8640349999999999
7137,1.063829,4.666666,3.602837
7138,1.666666,3.0,1.333334
7139,1.0,1.0,0.0
7140,1.25,2.0,0.75
7142,1.0,9.0,8.0
7152,3.333333,13.0,9.666667
7159,1.133333,4.875,3.741667
7167,1.238095,2.230769,0.9926740000000001
7168,1.0,1.8,0.8
7169,1.0,1.5,0.5
7177,1.0,4.333333,3.3333329999999997
7178,2.380952,15.0,12.619048
7182,1.0,1.0,0.0
7183,1.047619,1.095238,0.047618999999999856
7187,1.0,6.6,5.6
7189,1.336206,12.071428,10.735221999999998
7198,1.3297783763171098,2.0,0.6702216236828902
7200,1.0,1.4,0.3999999999999999
7201,1.222222,4.0,2.777778
7210,1.0,1.4,0.3999999999999999
7214,1.015625,4.4,3.3843750000000004
7215,1.722891,37.1,35.377109000000004
7216,1.071428,1.307692,0.23626400000000003
7217,1.0,2.0,1.0
7218,1.0,1.166666,0.16666599999999998
7221,1.086956,1.368421,0.2814650000000001
7226,1.0,1.076923,0.07692300000000007
7234,1.0,1.611111,0.611111
7237,1.0,3.777777,2.777777
7243,1.057142,1.1875,0.13035799999999997
7246,1.0,1.5,0.5
7247,1.0,2.0,1.0
7250,1.033333,2.0,0.9666669999999999
7256,1.0,1.0,0.0
7257,1.0,1.3,0.30000000000000004
7258,1.222222,2.714285,1.492063
7260,1.055555,2.210526,1.1549710000000002
7263,1.333333,2.0,0.6666669999999999
7265,1.0,3.0,2.0
7272,6.5,20.0,13.5
7274,1.0,3.0,2.0
7275,1.085714,4.4,3.314286
7276,1.0,1.0,0.0
7280,1.0,1.0,0.0
7282,1.1,2.117647,1.0176469999999997
7293,3.1,8.2,5.1
7294,1.15625,1.56,0.40375000000000005
7295,1.032786,5.230769,4.197983
7296,1.045454,3.714285,2.668831
7299,2.2,3.0,0.7999999999999998
7301,1.030769,7.777777,6.747008
7302,1.0,4.363636,3.3636359999999996
7304,1.0,1.090909,0.0909089999999999
7306,1.9,4.8,2.9
7307,1.142857,10.0,8.857143
7308,1.5,10.0,8.5
7311,1.8,2.2,0.40000000000000013
7313,2.0,2.0,0.0
7314,1.108433,3.064516,1.9560829999999998
7323,3.222222,30.0,26.777778
7324,1.0,1.125,0.125
7327,1.763157,23.333333,21.570176
7348,1.043478,1.225,0.18152200000000018
7351,1.3297783763171098,5.0,3.67022162368289
7352,1.0,1.0,0.0
7355,1.0,2.0,1.0
7359,1.0,1.083333,0.0833330000000001
7361,1.655172,5.1,3.4448279999999993
7362,1.787878,4.428571,2.6406929999999997
7364,1.0,1.0,0.0
7372,1.0,4.0,3.0
7376,2.0,10.0,8.0
7385,1.0,1.066666,0.06666599999999989
7402,1.333333,1.722222,0.3888889999999998
7406,1.181818,2.142857,0.9610389999999998
7413,1.0,1.230769,0.230769
7416,1.0,1.5,0.5
7417,1.055555,3.0,1.944445
7418,1.4,1.875,0.4750000000000001
7419,1.0,1.4,0.3999999999999999
7420,1.090909,1.181818,0.09090900000000013
7423,1.0,1.153846,0.15384599999999993
7424,1.026315,2.470588,1.4442729999999997
7430,1.0,1.0,0.0
7434,1.086956,1.611111,0.5241549999999999
7443,1.0,1.333333,0.3333330000000001
7447,1.12,5.272727,4.152727
7448,1.142857,16.666666,15.523809
7450,1.0,1.75,0.75
7457,1.4,10.0,8.6
7458,1.157894,2.5,1.342106
7459,1.0,1.1,0.10000000000000009
7462,1.5,3.333333,1.833333
7465,1.2,1.4,0.19999999999999996
7466,1.205882,2.047619,0.8417370000000002
7469,1.0,1.25,0.25
7470,1.0,1.0,0.0
7471,1.0,1.615384,0.6153839999999999
7498,1.0,1.0,0.0
7507,1.3297783763171098,1.0,-0.3297783763171098
7508,1.3297783763171098,2.0,0.6702216236828902
7509,1.05,4.6,3.55
7510,1.352941,5.6,4.247059
7511,1.3,3.0,1.7
7512,1.571428,3.2,1.6285720000000001
7514,1.0,1.0,0.0
7515,1.0,1.0,0.0
7516,1.0,2.166666,1.1666660000000002
7517,1.0,4.0,3.0
7518,1.0,1.545454,0.5454540000000001
7519,1.111111,2.0,0.888889
7523,1.0,1.285714,0.285714
7528,1.0,2.25,1.25
7536,1.0,3.142857,2.142857
7537,1.127659,8.571428,7.443769
7540,1.0,3.0,2.0
7545,1.5,3.0,1.5
7549,1.0,1.333333,0.3333330000000001
7552,1.3297783763171098,2.0,0.6702216236828902
7553,2.0,2.0,0.0
7554,1.0,2.0,1.0
7587,1.541666,3.230769,1.689103
7588,1.75,10.0,8.25
7593,1.0,1.1,0.10000000000000009
7595,1.6,8.0,6.4
7599,1.0,2.0,1.0
7601,1.0,2.0,1.0
7602,1.3297783763171098,1.0,-0.3297783763171098
7603,1.0,1.0,0.0
7606,1.0,1.166666,0.16666599999999998
7609,1.052631,4.0,2.947369
7610,1.0,1.0,0.0
7611,1.0,1.5,0.5
7612,1.3297783763171098,2.0,0.6702216236828902
7614,1.090909,4.25,3.159091
7619,3.432432,50.0,46.567568
7620,1.0,5.0,4.0
7621,1.12,5.0,3.88
7622,1.0,2.2,1.2000000000000002
7623,1.0,4.0,3.0
7624,1.2,9.0,7.8
7625,1.5,10.0,8.5
7627,1.0,1.0,0.0
7631,1.0,2.0,1.0
7632,2.217391,10.0,7.782609
7633,1.0,1.25,0.25
7637,1.0,1.0,0.0
7639,1.083333,2.142857,1.0595239999999997
7651,1.0,1.0,0.0
7653,1.0,3.0,2.0
7655,1.0,1.0,0.0
7657,1.142857,1.5,0.357143
7659,1.0,1.0,0.0
7662,1.3297783763171098,3.0,1.6702216236828902
7666,1.0,3.0,2.0
7667,1.3297783763171098,1.5,0.17022162368289018
7678,1.0,2.0,1.0
7688,1.0,3.0,2.0
7690,1.0,1.0,0.0
7693,1.17647,8.333333,7.1568629999999995
7694,1.0,2.0,1.0
7695,1.3297783763171098,1.0,-0.3297783763171098
7696,1.3297783763171098,1.0,-0.3297783763171098
7703,1.0,1.0,0.0
7704,1.0,1.0,0.0
7707,1.0,1.0,0.0
7719,2.5,2.333333,-0.1666669999999999
7720,1.0,2.5,1.5
7725,1.3297783763171098,1.0,-0.3297783763171098
7728,1.0,5.6396091433497535,4.6396091433497535
7734,1.3297783763171098,2.0,0.6702216236828902
7735,1.3297783763171098,1.0,-0.3297783763171098
7740,1.3297783763171098,1.0,-0.3297783763171098
7746,1.0,3.0,2.0
7753,1.3297783763171098,1.0,-0.3297783763171098
